,1,2,3,4,5,6,7,8,9,10,11,12,13,14,15,action_1,action_2,action_3,action_4,action_5,max_value,max_action
1,2.178309,1.2054063,2.388486,1.6763766,0.87745106,1.519299,0.9989474,1.5328171,0.9211288,0.93517005,2.488253,1.2631274,2.369039,1.3724904,1.1372731,6.185860999999999,3.4674810999999996,6.2903421,3.9699958000000004,2.94989421,3
2,1.1132606,1.0333153,2.8130918,1.8769572,-0.04823925,1.3738447,1.4106618,2.1005936,1.5449439,0.76014185,2.370444,1.674301,3.0249848,2.1244812,1.0832659,4.8575493000000005,4.1182780999999995,7.938670200000001,5.5463823,1.7951685,3
3,4.219958,5.0834627,6.2262936,5.1104164,4.0089064,1.4696846,1.8972276,2.3366742,1.9112762,1.4374042,1.9043539,2.2548192,3.1755726,2.4036312,1.7996185,7.5939965,9.2355095,11.7385404,9.4253238,7.245929100000001,3
4,5.665291,5.7720375,6.4266496,6.191336,5.5797043,1.8737742,1.8252875,2.204004,2.1708024,1.9051685,2.6522284,2.2562125,3.1022694,2.570496,2.2392664,10.1912936,9.8535375,11.732923,10.9326344,9.7241392,3
5,1.5834308,0.781009,0.48087937,1.2678796,1.5412896,1.9320784,1.4072332,1.5582479,1.6892632,1.9760157,2.8393943,1.6983798,2.207909,2.120503,2.272787,6.3549035,3.886622,4.24703627,5.0776458,5.7900923,1
