,1,2,3,4,5,6,7,8,9,10,11,12,13,14,15,action_1,action_2,action_3,action_4,action_5,max_value,max_action
1,2.2543995,2.657272,2.5178761,2.596956,2.5033534,7.7794614,8.578888,8.277881,8.675545,8.257306,4.7702036,4.654142,5.4099994,5.1705804,4.7793913,14.8040645,15.890301999999998,16.2057565,16.4430814,15.5400507,4
2,1.6208761,1.5741649,2.0319989,1.7021792,1.7827016,4.987411,4.1466002,6.054607,4.265375,5.134114,3.4248319,2.5884252,4.012974,2.752257,3.1598954,10.033119,8.3091903,12.0995799,8.719811199999999,10.076711,3
3,1.6980513,1.8337784,2.0748434,1.7768037,1.5826848,4.971271,4.862122,5.8070073,4.681211,4.145198,3.3247612,2.9599195,3.9573472,2.7243545,2.5404615,9.994083499999999,9.655819900000001,11.8391979,9.1823692,8.268344299999999,3
4,2.5637844,2.710814,2.6255996,2.5356183,2.5104663,8.934474,8.790831,8.831464,8.672739,8.54455,5.8317413,5.0737753,5.942538,5.2481647,5.027764,17.3299997,16.5754203,17.3996016,16.456522,16.0827803,3
5,2.2660816,2.3688366,2.4165044,2.5372431,2.3606086,7.445398,7.0407157,7.5075946,8.070261,7.425658,4.670456,3.8399217,4.8446565,4.556801,4.4683537,14.3819356,13.249474,14.768755500000001,15.1643051,14.254620300000001,4
